{"cameraMode":{"drawMode":0,"name":"Shaded","section":"Shading Mode"},"sceneLighting":false,"audioPlay":false,"sceneViewState":{"showFog":true,"showMaterialUpdate":false,"showSkybox":true,"showFlares":true,"showImageEffects":true,"showParticleSystems":true},"in2DMode":false,"pivot":{"x":0.47207772731781008,"y":1.7562824487686158,"z":-6.71639347076416},"rotation":{"x":0.0036146659404039385,"y":0.9954445362091065,"z":-0.08562931418418884,"w":0.04213457182049751},"size":5.414958477020264,"orthographic":false}