{"cameraMode":{"drawMode":0,"name":"Shaded","section":"Shading Mode"},"sceneLighting":false,"audioPlay":false,"sceneViewState":{"showFog":true,"showMaterialUpdate":false,"showSkybox":true,"showFlares":true,"showImageEffects":true,"showParticleSystems":true},"in2DMode":false,"pivot":{"x":0.13352513313293458,"y":1.8200000524520875,"z":-4.0},"rotation":{"x":0.14784324169158936,"y":-0.6289493441581726,"z":0.12345337122678757,"w":0.7532845735549927},"size":3.614957571029663,"orthographic":false}