{"cameraMode":{"drawMode":0,"name":"Shaded","section":"Shading Mode"},"sceneLighting":false,"audioPlay":false,"sceneViewState":{"showFog":true,"showMaterialUpdate":false,"showSkybox":true,"showFlares":true,"showImageEffects":true,"showParticleSystems":true},"in2DMode":false,"pivot":{"x":0.13352513313293458,"y":2.0139999389648439,"z":-4.0},"rotation":{"x":-0.15105172991752625,"y":0.04801912233233452,"z":-0.007351561915129423,"w":-0.9873513579368591},"size":2.632952928543091,"orthographic":false}